liliana@gmail.com,42018
liliana@gmail.com,11172
liliana@gmail.com,44324
liliana@gmail.com,81225
liliana@gmail.com,68361
liliana@gmail.com,88938
liliana@gmail.com,7631
liliana@gmail.com,36434
liliana@gmail.com,82258
liliana@gmail.com,95317
liliana@gmail.com,90068
liliana@gmail.com,42456
liliana@gmail.com,19192
liliana@gmail.com,80088
liliana@gmail.com,44379
senda@gmail.com,36195
senda@gmail.com,22083
senda@gmail.com,13605
senda@gmail.com,37989
senda@gmail.com,59622
senda@gmail.com,80088
senda@gmail.com,98187
senda@gmail.com,87037
senda@gmail.com,69933
senda@gmail.com,71884
giulia@gmail.com,43841
giulia@gmail.com,32834
giulia@gmail.com,42018
giulia@gmail.com,11172
giulia@gmail.com,83717
giulia@gmail.com,47300
giulia@gmail.com,44324
giulia@gmail.com,53669
giulia@gmail.com,10918
giulia@gmail.com,63111
giulia@gmail.com,97834
giulia@gmail.com,97196
giulia@gmail.com,76239
giulia@gmail.com,81586
giulia@gmail.com,77202
giulia@gmail.com,5176
giulia@gmail.com,39864
giulia@gmail.com,24537
giulia@gmail.com,48602
giulia@gmail.com,87194
