liliana@gmail.com,36434
liliana@gmail.com,82258
liliana@gmail.com,95317
liliana@gmail.com,11172
liliana@gmail.com,90068
liliana@gmail.com,81225
liliana@gmail.com,42456
liliana@gmail.com,19192
liliana@gmail.com,68361
liliana@gmail.com,88938
liliana@gmail.com,44379
liliana@gmail.com,7631
senda@gmail.com,36195
senda@gmail.com,87037
giulia@gmail.com,32834
giulia@gmail.com,77202
giulia@gmail.com,81586
giulia@gmail.com,83717
giulia@gmail.com,53669
giulia@gmail.com,10918
giulia@gmail.com,63111
giulia@gmail.com,5176
giulia@gmail.com,87194
giulia@gmail.com,97196
